person_id,age,gender,education,prev_industry,career_break_flag,country
1,50,Female,PhD,Finance,0,Germany
2,36,Male,Master's,Retail,1,India
3,29,Male,Bachelor's,Others,0,United Kingdom
4,42,Male,Bachelor's,Healthcare,1,India
5,40,Male,Bachelor's,Finance,1,Unknown
6,44,Female,PhD,Healthcare,1,Canada
7,32,Other,Master's,Healthcare,0,United Kingdom
8,32,Female,Master's,Education,1,United States
9,45,Male,High School,Education,0,Germany
10,57,Female,High School,Finance,1,India
11,45,Other,Master's,Retail,0,Unknown
12,24,Other,Master's,Finance,0,United States
13,43,Female,Master's,Retail,1,United Kingdom
14,23,Female,PhD,Healthcare,1,Canada
15,45,Female,Master's,Technology,1,United Kingdom
16,51,Male,High School,Finance,1,India
17,59,Female,PhD,Finance,1,Germany
18,23,Female,Master's,Retail,0,Canada
19,42,Female,High School,Healthcare,1,Canada
20,54,Other,PhD,Healthcare,1,India
21,33,Other,Master's,Retail,0,United States
22,43,Male,Master's,Healthcare,1,Germany
23,46,Male,Master's,Education,1,Unknown
24,48,Other,PhD,Others,0,Germany
25,49,Other,High School,Finance,1,Canada
26,37,Other,High School,Technology,1,Germany
27,36,Female,Bachelor's,Finance,1,United Kingdom
28,24,Female,Master's,Education,0,Canada
29,58,Other,Bachelor's,Healthcare,1,Germany
30,28,Female,Bachelor's,Retail,0,United States
31,42,Female,High School,Education,1,United Kingdom
32,30,Male,PhD,Technology,0,Unknown
33,39,Other,PhD,Retail,1,United States
34,25,Other,High School,Healthcare,0,Germany
35,46,Female,PhD,Education,0,India
36,35,Other,Bachelor's,Retail,0,United States
37,30,Male,Master's,Education,0,Germany
38,47,Male,High School,Education,0,United States
39,23,Male,Master's,Healthcare,0,United States
40,41,Other,PhD,Finance,1,Unknown
41,49,Other,Master's,Retail,1,Germany
42,28,Other,PhD,Healthcare,0,India
43,29,Other,PhD,Education,0,Canada
44,56,Other,Bachelor's,Healthcare,0,United States
45,35,Male,PhD,Finance,0,United States
46,38,Female,Bachelor's,Retail,1,United States
47,57,Male,Bachelor's,Finance,0,Germany
48,25,Other,Bachelor's,Technology,1,Germany
49,23,Male,High School,Retail,1,Canada
50,27,Other,High School,Finance,0,India
51,25,Other,PhD,Education,0,Canada
52,50,Male,Bachelor's,Retail,1,United Kingdom
53,39,Other,High School,Others,1,United States
54,47,Female,Bachelor's,Healthcare,0,United States
55,55,Other,Master's,Education,0,United States
56,31,Female,Master's,Technology,0,Canada
57,57,Female,Master's,Finance,1,Canada
58,35,Other,PhD,Healthcare,1,United States
59,52,Male,Bachelor's,Finance,0,Canada
60,36,Female,Master's,Technology,1,Germany
61,29,Male,High School,Technology,1,Germany
62,35,Female,Master's,Retail,0,Canada
63,44,Other,Master's,Technology,0,United States
64,42,Other,Master's,Finance,1,Canada
65,37,Female,Unkown,Education,1,Canada
66,39,Other,High School,Education,0,Canada
67,45,Female,Bachelor's,Retail,0,United Kingdom
68,47,Other,High School,Finance,0,Germany
69,46,Male,Bachelor's,Finance,0,India
70,50,Other,PhD,Technology,0,India
71,36,Male,PhD,Finance,1,United Kingdom
72,22,Other,PhD,Healthcare,1,Canada
73,46,Male,PhD,Technology,1,United Kingdom
74,28,Other,Bachelor's,Healthcare,1,United Kingdom
75,30,Male,Master's,Retail,0,United States
76,45,Female,Bachelor's,Education,0,Germany
77,22,Female,High School,Retail,0,India
78,29,Male,PhD,Education,1,Canada
79,45,Other,PhD,Retail,1,India
80,32,Male,High School,Finance,1,India
81,38,Other,Unkown,Healthcare,0,Germany
82,29,Female,Master's,Education,1,India
83,56,Other,Master's,Technology,0,India
84,56,Female,High School,Healthcare,0,United Kingdom
85,54,Other,Master's,Technology,0,Germany
86,26,Other,Bachelor's,Healthcare,0,United States
87,49,Other,Bachelor's,Healthcare,0,Canada
88,28,Male,High School,Retail,0,India
89,30,Male,Bachelor's,Education,1,Canada
90,29,Female,PhD,Education,0,United States
91,33,Female,High School,Others,0,Canada
92,55,Male,Bachelor's,Finance,1,United States
93,54,Female,High School,Finance,0,United Kingdom
94,44,Male,Master's,Technology,1,India
95,45,Other,Bachelor's,Technology,1,United States
96,58,Female,PhD,Retail,1,Canada
97,56,Female,Bachelor's,Healthcare,0,India
98,43,Male,High School,Technology,0,United Kingdom
99,48,Female,High School,Technology,1,India
100,56,Female,Bachelor's,Healthcare,0,United States
101,22,Other,PhD,Retail,0,United Kingdom
102,56,Female,PhD,Technology,1,Canada
103,58,Other,PhD,Retail,1,United Kingdom
104,35,Male,High School,Education,0,United Kingdom
105,24,Female,Bachelor's,Retail,1,Germany
106,22,Other,Master's,Finance,1,United Kingdom
107,26,Male,High School,Finance,1,United Kingdom
108,47,Female,Unkown,Retail,0,India
109,35,Male,Bachelor's,Finance,0,Canada
110,48,Female,PhD,Education,0,India
111,30,Male,Master's,Healthcare,1,India
112,36,Male,PhD,Finance,0,United States
113,36,Other,PhD,Finance,1,India
114,47,Male,Master's,Retail,0,Germany
115,34,Female,Bachelor's,Education,0,Germany
116,53,Female,High School,Healthcare,1,United States
117,53,Other,Bachelor's,Retail,0,Canada
118,25,Female,Master's,Retail,1,Canada
119,51,Female,PhD,Education,0,India
120,58,Female,Bachelor's,Healthcare,0,India
121,44,Male,High School,Education,1,India
122,36,Male,Unkown,Healthcare,1,Canada
123,50,Female,Bachelor's,Education,1,United Kingdom
124,57,Other,High School,Retail,0,Germany
125,34,Male,Master's,Retail,0,United Kingdom
126,53,Other,High School,Technology,0,United Kingdom
127,28,Female,Master's,Finance,1,Canada
128,43,Female,PhD,Education,1,United Kingdom
129,49,Male,Bachelor's,Technology,1,United States
130,23,Female,High School,Finance,0,India
131,27,Male,Master's,Education,0,United States
132,49,Female,High School,Healthcare,1,Germany
133,49,Female,High School,Finance,0,India
134,41,Male,Bachelor's,Retail,1,United Kingdom
135,51,Male,PhD,Technology,0,Germany
136,32,Male,High School,Finance,0,India
137,49,Female,Master's,Others,1,United Kingdom
138,46,Female,Unkown,Retail,0,United States
139,54,Other,PhD,Education,0,Unknown
140,22,Male,Master's,Healthcare,1,United Kingdom
141,48,Female,PhD,Retail,1,United States
142,34,Female,Master's,Healthcare,0,Germany
143,24,Male,Bachelor's,Education,1,Germany
144,27,Other,High School,Finance,0,Germany
145,29,Male,Bachelor's,Healthcare,1,Germany
146,48,Other,High School,Technology,0,Canada
147,30,Female,High School,Technology,0,India
148,58,Other,High School,Retail,1,India
149,54,Female,Bachelor's,Education,0,Canada
150,45,Male,High School,Retail,0,United Kingdom
151,36,Male,Bachelor's,Retail,1,United Kingdom
152,53,Male,PhD,Retail,1,Germany
153,53,Other,Master's,Technology,0,United States
154,45,Female,Master's,Technology,1,United Kingdom
155,33,Male,High School,Retail,1,United States
156,23,Male,Bachelor's,Technology,0,India
157,24,Female,Master's,Education,0,United States
158,58,Male,Bachelor's,Retail,1,India
159,38,Female,Bachelor's,Technology,1,Unknown
160,23,Female,High School,Healthcare,1,Unknown
161,23,Female,Master's,Retail,0,Germany
162,49,Female,High School,Retail,0,Unknown
163,44,Female,High School,Education,0,Unknown
164,58,Other,Master's,Finance,0,India
165,53,Male,Master's,Finance,0,Unknown
166,54,Other,PhD,Education,0,United States
167,22,Male,PhD,Education,0,Unknown
168,40,Other,Bachelor's,Education,1,Canada
169,23,Female,Master's,Finance,1,United Kingdom
170,47,Male,PhD,Education,0,India
171,53,Male,Bachelor's,Technology,0,India
172,27,Other,Bachelor's,Retail,0,United States
173,53,Other,Bachelor's,Retail,1,United Kingdom
174,25,Male,PhD,Healthcare,0,Canada
175,32,Other,Master's,Healthcare,1,India
176,38,Other,High School,Retail,1,India
177,59,Other,Bachelor's,Technology,1,United States
178,45,Female,PhD,Finance,1,Germany
179,26,Female,PhD,Finance,1,Canada
180,55,Other,High School,Technology,0,United Kingdom
181,27,Other,High School,Finance,0,India
182,43,Female,PhD,Education,1,India
183,32,Female,Master's,Retail,0,Canada
184,37,Male,High School,Retail,1,Germany
185,54,Male,PhD,Technology,1,India
186,30,Female,High School,Finance,0,Canada
187,27,Other,Master's,Healthcare,0,United States
188,37,Other,Bachelor's,Healthcare,0,Germany
189,50,Other,High School,Finance,0,United Kingdom
190,24,Other,Master's,Healthcare,0,India
191,41,Male,Unkown,Technology,1,Canada
192,57,Female,High School,Technology,0,United States
193,40,Other,High School,Finance,0,United Kingdom
194,47,Male,PhD,Healthcare,0,Canada
195,24,Other,Bachelor's,Technology,1,Canada
196,40,Female,PhD,Technology,0,United Kingdom
197,41,Male,High School,Education,1,United States
198,53,Female,PhD,Education,0,United States
199,28,Female,Master's,Technology,0,Germany
200,54,Male,PhD,Finance,1,India
201,39,Male,Unkown,Retail,0,United Kingdom
202,22,Male,PhD,Others,0,Unknown
203,32,Male,Bachelor's,Others,1,United Kingdom
204,49,Male,PhD,Technology,0,United States
205,46,Male,Bachelor's,Technology,1,India
206,44,Male,Unkown,Finance,1,Germany
207,52,Other,Bachelor's,Education,1,Canada
208,51,Female,PhD,Technology,1,Canada
209,56,Male,High School,Technology,1,United Kingdom
210,28,Other,Bachelor's,Healthcare,0,India
211,37,Other,Master's,Finance,0,United States
212,47,Other,Bachelor's,Technology,0,India
213,23,Female,Bachelor's,Healthcare,1,India
214,22,Male,Bachelor's,Retail,1,United States
215,33,Other,Master's,Technology,1,United Kingdom
216,26,Female,PhD,Technology,1,India
217,58,Female,Bachelor's,Healthcare,0,Canada
218,53,Female,Bachelor's,Finance,0,United States
219,30,Other,Unkown,Technology,1,Germany
220,56,Male,Master's,Retail,1,United Kingdom
221,40,Other,Bachelor's,Technology,0,United States
222,37,Other,Master's,Retail,1,Germany
223,24,Male,Bachelor's,Education,1,Germany
224,41,Male,PhD,Education,1,India
225,45,Male,PhD,Retail,0,India
226,54,Female,Bachelor's,Finance,0,India
227,45,Male,PhD,Technology,1,United States
228,32,Other,Unkown,Technology,0,United States
229,29,Male,PhD,Education,1,United Kingdom
230,57,Other,High School,Retail,1,Unknown
231,59,Female,High School,Technology,0,Germany
232,41,Other,High School,Technology,1,Canada
233,56,Other,Master's,Finance,1,United Kingdom
234,46,Male,Master's,Healthcare,0,United States
235,56,Male,High School,Education,1,Unknown
236,46,Other,Master's,Education,1,United Kingdom
237,50,Male,PhD,Healthcare,1,United Kingdom
238,39,Female,Bachelor's,Technology,0,United Kingdom
239,39,Female,Bachelor's,Finance,1,Canada
240,23,Male,Bachelor's,Finance,0,Unknown
241,56,Female,High School,Education,1,Germany
242,37,Male,Master's,Finance,1,Unknown
243,57,Other,PhD,Healthcare,1,United Kingdom
244,54,Other,PhD,Technology,1,United Kingdom
245,25,Female,High School,Healthcare,0,India
246,54,Male,PhD,Retail,0,United States
247,35,Male,PhD,Education,1,United States
248,42,Female,PhD,Finance,1,Canada
249,41,Other,PhD,Retail,1,United States
250,29,Female,Master's,Finance,1,United Kingdom
251,28,Other,PhD,Technology,1,United Kingdom
252,24,Male,Bachelor's,Technology,1,United Kingdom
253,38,Other,High School,Technology,1,Canada
254,54,Female,Master's,Finance,1,United Kingdom
255,33,Male,PhD,Retail,0,United States
256,43,Female,Master's,Technology,0,India
257,43,Female,PhD,Retail,0,India
258,51,Other,Bachelor's,Finance,1,Germany
259,59,Female,High School,Retail,1,United States
260,59,Other,PhD,Finance,1,United Kingdom
261,29,Male,PhD,Finance,0,India
262,48,Other,PhD,Education,1,United States
263,48,Male,PhD,Finance,0,India
264,55,Other,High School,Finance,1,United Kingdom
265,42,Female,Unkown,Healthcare,0,India
266,51,Other,Unkown,Technology,0,Germany
267,54,Other,High School,Education,0,Germany
268,49,Male,PhD,Education,1,India
269,54,Female,Bachelor's,Education,0,United States
270,26,Other,Bachelor's,Healthcare,1,United States
271,40,Female,Bachelor's,Finance,1,United States
272,25,Other,Unkown,Technology,1,India
273,56,Other,Master's,Retail,1,United States
274,38,Female,PhD,Finance,1,United Kingdom
275,49,Other,High School,Healthcare,0,Germany
276,51,Female,High School,Finance,1,United Kingdom
277,50,Other,PhD,Finance,1,United States
278,27,Male,PhD,Healthcare,1,United Kingdom
279,56,Female,Bachelor's,Education,1,United States
280,58,Other,PhD,Education,1,India
281,45,Other,Bachelor's,Technology,0,United Kingdom
282,50,Male,High School,Technology,0,India
283,52,Female,Bachelor's,Education,1,India
284,56,Other,PhD,Retail,0,Canada
285,54,Male,High School,Finance,0,United States
286,42,Other,Master's,Retail,1,Germany
287,53,Female,Bachelor's,Finance,0,United States
288,44,Other,High School,Education,1,Germany
289,54,Other,Bachelor's,Technology,0,United States
290,24,Other,High School,Technology,0,India
291,39,Other,High School,Retail,0,United Kingdom
292,46,Male,Bachelor's,Technology,1,United Kingdom
293,52,Male,Master's,Education,0,Canada
294,24,Female,High School,Retail,0,Germany
295,45,Male,High School,Finance,1,Germany
296,53,Male,High School,Technology,1,Germany
297,43,Female,Master's,Healthcare,0,India
298,44,Male,Master's,Technology,1,Unknown
299,23,Male,PhD,Others,0,United Kingdom
300,48,Female,Bachelor's,Retail,0,Unknown
301,23,Female,Master's,Finance,1,United States
302,47,Female,Bachelor's,Healthcare,1,Germany
303,38,Other,PhD,Others,1,Germany
304,54,Other,Bachelor's,Technology,0,United States
305,30,Female,Master's,Retail,1,Germany
306,50,Female,Bachelor's,Education,0,United States
307,47,Female,Master's,Finance,1,India
308,56,Other,Bachelor's,Retail,0,United Kingdom
309,46,Other,Master's,Education,1,United States
310,45,Male,Master's,Retail,0,Canada
311,34,Male,Bachelor's,Healthcare,1,United States
312,28,Female,PhD,Healthcare,0,Germany
313,57,Other,High School,Technology,1,India
314,41,Other,PhD,Technology,1,India
315,22,Other,Bachelor's,Healthcare,0,United States
316,29,Female,Unkown,Retail,1,United Kingdom
317,37,Male,Master's,Healthcare,0,Canada
318,35,Female,Unkown,Technology,0,India
319,33,Male,Bachelor's,Healthcare,1,Germany
320,44,Male,Bachelor's,Healthcare,0,Germany
321,36,Female,Bachelor's,Retail,1,United Kingdom
322,49,Male,High School,Education,1,India
323,55,Male,Master's,Technology,0,United States
324,23,Other,Bachelor's,Retail,1,Germany
325,53,Male,PhD,Healthcare,0,United Kingdom
326,44,Female,Bachelor's,Healthcare,0,India
327,43,Female,Bachelor's,Education,1,India
328,46,Male,Bachelor's,Technology,1,India
329,43,Other,Bachelor's,Technology,0,India
330,43,Other,Master's,Finance,0,India
331,27,Male,PhD,Technology,1,Germany
332,36,Male,Master's,Education,1,United Kingdom
333,58,Female,PhD,Finance,1,India
334,54,Male,Bachelor's,Finance,1,Canada
335,29,Other,High School,Others,0,Canada
336,26,Male,Master's,Healthcare,1,United Kingdom
337,25,Female,High School,Technology,0,United States
338,27,Female,Master's,Finance,0,United States
339,53,Female,Bachelor's,Healthcare,1,United States
340,51,Female,Master's,Education,0,Canada
341,56,Female,Bachelor's,Healthcare,1,United States
342,37,Male,Master's,Healthcare,0,Germany
343,34,Male,Bachelor's,Finance,1,India
344,51,Male,Unkown,Finance,0,Canada
345,40,Male,PhD,Others,0,United Kingdom
346,38,Female,Bachelor's,Others,1,United Kingdom
347,40,Other,Unkown,Others,1,India
348,49,Male,Bachelor's,Technology,0,Canada
349,47,Other,High School,Education,0,United States
350,58,Male,Bachelor's,Education,1,United States
351,47,Male,High School,Others,0,Germany
352,44,Other,High School,Education,1,Germany
353,30,Female,Bachelor's,Finance,0,United States
354,33,Male,High School,Healthcare,1,United Kingdom
355,22,Male,PhD,Retail,0,United Kingdom
356,22,Male,Master's,Healthcare,1,Germany
357,55,Other,Bachelor's,Finance,1,India
358,53,Female,High School,Finance,0,United States
359,46,Other,Bachelor's,Others,1,Germany
360,22,Other,PhD,Technology,0,Germany
361,37,Female,Bachelor's,Technology,1,United States
362,26,Other,Bachelor's,Technology,1,United States
363,43,Female,Unkown,Others,1,United Kingdom
364,50,Male,Unkown,Education,0,India
365,24,Female,Master's,Finance,1,India
366,33,Male,Master's,Education,0,United States
367,47,Other,High School,Healthcare,1,Canada
368,37,Other,Bachelor's,Retail,0,Germany
369,58,Male,High School,Education,0,Germany
370,43,Other,High School,Technology,0,United States
371,50,Female,High School,Finance,1,Canada
372,35,Male,Bachelor's,Others,0,United Kingdom
373,49,Other,PhD,Technology,1,United States
374,26,Male,High School,Healthcare,0,United States
375,51,Female,Bachelor's,Retail,0,Germany
376,26,Female,PhD,Finance,0,United States
377,33,Other,High School,Finance,0,United States
378,37,Female,Master's,Retail,1,United States
379,47,Male,PhD,Finance,0,Germany
380,47,Female,High School,Education,0,United Kingdom
381,42,Male,PhD,Healthcare,1,United Kingdom
382,57,Male,PhD,Technology,0,United States
383,54,Female,PhD,Retail,0,Germany
384,51,Other,PhD,Education,0,Unknown
385,58,Female,PhD,Technology,0,United Kingdom
386,44,Male,PhD,Technology,1,United Kingdom
387,31,Male,High School,Retail,1,Germany
388,26,Female,Master's,Education,0,Unknown
389,57,Other,Bachelor's,Others,1,United States
390,55,Other,PhD,Technology,1,India
391,52,Male,Bachelor's,Education,0,United Kingdom
392,31,Male,Unkown,Finance,1,India
393,40,Other,PhD,Technology,0,Germany
394,53,Female,Master's,Healthcare,1,Germany
395,22,Male,Bachelor's,Education,1,Germany
396,26,Male,PhD,Others,1,India
397,25,Other,High School,Retail,0,Germany
398,37,Female,Master's,Healthcare,1,United States
399,45,Other,Bachelor's,Others,0,Germany
400,37,Female,Bachelor's,Healthcare,0,Canada
401,23,Female,Unkown,Healthcare,1,India
402,49,Female,Master's,Finance,0,Canada
403,53,Male,Master's,Healthcare,1,Germany
404,48,Other,Master's,Finance,0,United States
405,41,Other,Unkown,Education,0,United Kingdom
406,45,Female,Unkown,Others,1,Germany
407,33,Male,Master's,Retail,1,United States
408,56,Male,Bachelor's,Technology,1,India
409,54,Other,Bachelor's,Education,1,Canada
410,54,Male,High School,Education,0,Canada
411,58,Male,Bachelor's,Retail,0,Canada
412,33,Female,Bachelor's,Finance,0,India
413,24,Male,Unkown,Technology,1,United States
414,22,Female,Bachelor's,Finance,0,India
415,54,Other,High School,Healthcare,1,Canada
416,31,Male,Master's,Finance,0,Germany
417,50,Other,PhD,Education,1,United Kingdom
418,34,Other,Unkown,Technology,0,India
419,33,Male,High School,Finance,0,India
420,52,Male,Master's,Technology,1,United States
421,23,Other,Master's,Technology,0,United States
422,56,Male,High School,Healthcare,1,India
423,44,Female,Master's,Healthcare,0,Canada
424,38,Female,High School,Education,0,United Kingdom
425,47,Male,High School,Retail,1,United States
426,29,Other,PhD,Technology,1,Canada
427,50,Male,Bachelor's,Retail,0,Germany
428,47,Male,Bachelor's,Education,0,United States
429,31,Other,Master's,Technology,0,Canada
430,47,Other,Master's,Technology,0,Canada
431,55,Female,PhD,Retail,0,United Kingdom
432,28,Other,PhD,Others,0,United Kingdom
433,25,Female,PhD,Healthcare,1,Germany
434,32,Other,High School,Finance,1,Canada
435,50,Male,PhD,Retail,1,Canada
436,57,Female,PhD,Healthcare,0,United Kingdom
437,46,Female,Master's,Finance,0,United States
438,42,Female,PhD,Healthcare,0,United States
439,57,Male,High School,Technology,1,India
440,31,Male,High School,Finance,1,United Kingdom
441,58,Male,Master's,Healthcare,0,India
442,30,Male,PhD,Healthcare,0,United Kingdom
443,45,Male,PhD,Healthcare,1,Germany
444,56,Female,High School,Finance,1,Canada
445,56,Male,PhD,Education,1,Germany
446,57,Female,PhD,Finance,0,United Kingdom
447,39,Male,PhD,Retail,0,Canada
448,53,Other,Bachelor's,Finance,0,United States
449,45,Female,Master's,Healthcare,1,Unknown
450,44,Other,Bachelor's,Technology,1,India
451,53,Female,Master's,Finance,0,United Kingdom
452,58,Other,High School,Finance,0,United Kingdom
453,33,Male,PhD,Others,1,United States
454,34,Male,Master's,Technology,0,Germany
455,44,Male,Bachelor's,Technology,1,Canada
456,46,Female,PhD,Retail,1,Germany
457,56,Other,High School,Finance,0,Germany
458,51,Male,Master's,Technology,1,United States
459,38,Other,Master's,Technology,0,United States
460,41,Other,Unkown,Education,1,United States
461,46,Male,PhD,Education,1,India
462,43,Male,Bachelor's,Technology,0,Germany
463,34,Other,Bachelor's,Retail,1,United Kingdom
464,40,Male,Master's,Technology,0,Unknown
465,57,Male,High School,Healthcare,0,India
466,33,Male,High School,Finance,1,United Kingdom
467,40,Female,Unkown,Retail,0,Germany
468,33,Other,Unkown,Healthcare,0,United States
469,30,Other,Bachelor's,Retail,0,Unknown
470,28,Female,Master's,Healthcare,0,Canada
471,49,Other,Bachelor's,Finance,0,India
472,35,Male,Bachelor's,Finance,0,India
473,52,Other,Master's,Education,1,Canada
474,40,Male,High School,Healthcare,0,United Kingdom
475,37,Female,Unkown,Education,1,United Kingdom
476,26,Male,Bachelor's,Healthcare,1,India
477,56,Other,Master's,Education,0,India
478,33,Other,High School,Finance,1,United States
479,46,Other,Bachelor's,Retail,1,United Kingdom
480,42,Female,Master's,Education,0,Canada
481,57,Female,Bachelor's,Healthcare,0,United Kingdom
482,44,Other,PhD,Healthcare,0,United States
483,37,Male,Master's,Finance,1,India
484,35,Female,High School,Healthcare,1,Unknown
485,52,Other,Unkown,Technology,0,United States
486,26,Other,High School,Retail,0,Canada
487,56,Female,High School,Education,1,India
488,44,Female,Bachelor's,Retail,1,Germany
489,50,Female,Bachelor's,Finance,1,India
490,32,Male,High School,Education,1,Germany
491,39,Male,High School,Education,0,United States
492,33,Other,High School,Technology,1,United States
493,30,Female,Bachelor's,Finance,1,India
494,31,Male,High School,Healthcare,1,United Kingdom
495,38,Female,High School,Technology,1,Germany
496,59,Other,PhD,Technology,0,Canada
497,28,Male,PhD,Retail,0,India
498,34,Male,High School,Retail,1,Canada
499,30,Male,Master's,Retail,1,India
500,48,Other,High School,Technology,0,United Kingdom
501,23,Female,Unkown,Healthcare,0,United Kingdom
502,26,Male,Master's,Education,1,United Kingdom
503,50,Other,Master's,Retail,1,United Kingdom
504,58,Female,High School,Others,0,United States
505,59,Other,PhD,Finance,0,United States
506,40,Female,PhD,Retail,0,Germany
507,29,Other,Master's,Education,0,Canada
508,22,Female,High School,Finance,0,India
509,43,Male,Bachelor's,Finance,0,India
510,38,Female,Bachelor's,Education,1,United States
511,28,Other,PhD,Retail,0,India
512,46,Other,Bachelor's,Technology,0,United States
513,25,Female,PhD,Education,0,Germany
514,57,Male,PhD,Education,0,Canada
515,27,Male,PhD,Education,1,Germany
516,52,Female,Bachelor's,Finance,1,United Kingdom
517,40,Female,PhD,Healthcare,0,United Kingdom
518,48,Other,Master's,Technology,1,United Kingdom
519,31,Male,High School,Retail,1,Germany
520,47,Female,High School,Retail,1,India
521,40,Male,PhD,Healthcare,1,Canada
522,24,Female,High School,Education,1,United Kingdom
523,34,Female,Bachelor's,Technology,1,United Kingdom
524,49,Male,Bachelor's,Retail,0,United Kingdom
525,41,Female,High School,Retail,0,Canada
526,49,Female,Bachelor's,Education,0,United Kingdom
527,29,Other,High School,Healthcare,0,Canada
528,22,Female,High School,Technology,0,United Kingdom
529,24,Female,Unkown,Healthcare,1,Germany
530,34,Female,PhD,Healthcare,0,Germany
531,49,Other,High School,Technology,0,Canada
532,46,Male,PhD,Technology,1,Germany
533,54,Other,High School,Others,1,Canada
534,59,Other,High School,Retail,0,Germany
535,27,Male,High School,Technology,1,Germany
536,53,Other,Bachelor's,Finance,1,Canada
537,42,Male,PhD,Retail,1,India
538,37,Other,PhD,Finance,1,Germany
539,42,Male,High School,Technology,0,United Kingdom
540,32,Female,High School,Retail,1,India
541,58,Other,Bachelor's,Healthcare,0,Canada
542,57,Other,Bachelor's,Technology,0,India
543,56,Other,Bachelor's,Education,1,United States
544,40,Other,PhD,Finance,1,United States
545,41,Female,PhD,Technology,1,Germany
546,39,Other,PhD,Technology,0,Germany
547,35,Female,High School,Retail,1,United Kingdom
548,36,Female,PhD,Retail,1,India
549,52,Female,Master's,Retail,1,Unknown
550,22,Female,Master's,Education,1,Germany
551,24,Male,Bachelor's,Retail,1,India
552,37,Male,Unkown,Technology,0,Germany
553,44,Other,Master's,Retail,1,Unknown
554,32,Male,Bachelor's,Healthcare,1,United States
555,33,Male,PhD,Retail,1,United States
556,31,Other,High School,Education,0,Germany
557,53,Other,Master's,Healthcare,1,Canada
558,37,Other,High School,Technology,0,Germany
559,29,Male,PhD,Technology,0,Germany
560,59,Male,Master's,Finance,1,United Kingdom
561,33,Other,PhD,Healthcare,1,United Kingdom
562,45,Female,High School,Finance,1,United Kingdom
563,49,Other,Master's,Healthcare,0,Canada
564,29,Female,Unkown,Healthcare,0,Canada
565,49,Female,PhD,Education,0,Germany
566,57,Other,PhD,Finance,0,United Kingdom
567,47,Other,High School,Education,0,Canada
568,29,Other,Master's,Healthcare,0,United States
569,49,Male,High School,Technology,1,Germany
570,49,Female,PhD,Healthcare,1,India
571,58,Male,High School,Education,0,Germany
572,57,Male,PhD,Finance,1,India
573,48,Other,High School,Finance,1,United Kingdom
574,38,Male,Master's,Education,0,India
575,30,Other,Master's,Finance,0,United Kingdom
576,54,Female,High School,Retail,1,United States
577,41,Other,High School,Technology,0,India
578,34,Male,Master's,Technology,0,Germany
579,49,Male,PhD,Technology,1,United Kingdom
580,50,Other,Master's,Finance,0,Germany
581,34,Other,PhD,Finance,1,Canada
582,56,Male,High School,Healthcare,1,United Kingdom
583,27,Female,High School,Healthcare,1,India
584,39,Female,PhD,Technology,1,United Kingdom
585,26,Other,High School,Retail,1,Germany
586,46,Female,PhD,Healthcare,0,United States
587,23,Male,Bachelor's,Healthcare,0,United Kingdom
588,31,Other,Master's,Finance,0,India
589,51,Male,Bachelor's,Retail,0,Canada
590,26,Male,PhD,Technology,1,United States
591,54,Female,Master's,Healthcare,1,Canada
592,22,Other,PhD,Others,0,United Kingdom
593,39,Other,Master's,Retail,1,Unknown
594,53,Female,Master's,Technology,0,Germany
595,32,Male,Master's,Retail,0,India
596,42,Male,Master's,Retail,0,Germany
597,47,Male,PhD,Retail,1,United States
598,46,Male,Unkown,Healthcare,1,Germany
599,43,Other,Master's,Technology,1,India
600,48,Other,Bachelor's,Retail,1,United Kingdom
601,34,Female,High School,Retail,0,United Kingdom
602,54,Female,High School,Healthcare,1,Germany
603,55,Other,Bachelor's,Technology,1,Canada
604,56,Other,Bachelor's,Finance,1,United Kingdom
605,22,Male,PhD,Healthcare,0,Germany
606,42,Male,PhD,Technology,0,India
607,27,Female,PhD,Retail,1,Germany
608,49,Other,Bachelor's,Technology,1,United Kingdom
609,38,Female,Bachelor's,Technology,1,India
610,26,Other,Master's,Technology,1,Germany
611,52,Male,PhD,Finance,0,United States
612,26,Female,PhD,Technology,1,India
613,59,Female,PhD,Finance,1,United States
614,24,Other,High School,Retail,1,Unknown
615,44,Male,Master's,Finance,0,India
616,58,Female,PhD,Retail,0,United States
617,58,Male,PhD,Retail,1,United Kingdom
618,31,Female,Unkown,Finance,1,United Kingdom
619,31,Male,High School,Healthcare,1,Canada
620,40,Other,High School,Education,1,India
621,38,Female,Bachelor's,Technology,1,India
622,42,Female,Master's,Education,0,India
623,35,Male,Bachelor's,Others,0,Canada
624,30,Male,Master's,Technology,0,Unknown
625,22,Female,High School,Retail,1,United Kingdom
626,34,Other,PhD,Technology,0,United States
627,25,Male,Bachelor's,Technology,0,United Kingdom
628,22,Male,PhD,Finance,0,United Kingdom
629,53,Male,Bachelor's,Education,1,United States
630,55,Female,High School,Finance,1,United Kingdom
631,49,Female,High School,Technology,0,Canada
632,52,Female,High School,Retail,1,United States
633,29,Female,Bachelor's,Finance,0,United Kingdom
634,47,Other,Master's,Finance,0,Germany
635,55,Other,Bachelor's,Healthcare,0,United Kingdom
636,24,Female,Master's,Technology,0,Canada
637,33,Other,Bachelor's,Retail,1,India
638,22,Male,Unkown,Finance,1,United Kingdom
639,26,Male,High School,Finance,1,India
640,51,Male,PhD,Retail,1,Germany
641,51,Female,PhD,Technology,0,United Kingdom
642,38,Male,Master's,Healthcare,1,United States
643,44,Other,PhD,Finance,0,India
644,36,Female,Bachelor's,Healthcare,1,Germany
645,58,Other,Bachelor's,Education,1,United States
646,42,Male,High School,Others,1,United States
647,35,Male,High School,Education,0,United States
648,23,Male,PhD,Education,0,United States
649,32,Female,Master's,Education,0,United Kingdom
650,59,Other,PhD,Technology,0,United Kingdom
651,55,Female,PhD,Technology,1,Unknown
652,59,Female,PhD,Retail,0,Germany
653,55,Male,PhD,Healthcare,0,Germany
654,39,Female,Bachelor's,Healthcare,1,Germany
655,51,Female,Unkown,Retail,1,Canada
656,36,Male,Bachelor's,Retail,0,Germany
657,48,Female,Master's,Education,1,United Kingdom
658,55,Male,High School,Retail,0,United Kingdom
659,59,Male,PhD,Finance,1,Canada
660,54,Male,Bachelor's,Healthcare,0,Canada
661,45,Male,Master's,Retail,0,Germany
662,36,Female,High School,Finance,0,India
663,51,Male,High School,Finance,0,Canada
664,38,Male,PhD,Finance,0,United States
665,26,Female,Master's,Finance,1,United Kingdom
666,50,Female,Bachelor's,Education,0,United States
667,25,Other,PhD,Finance,0,United Kingdom
668,31,Female,Bachelor's,Education,0,United Kingdom
669,38,Female,High School,Education,0,Canada
670,31,Other,Bachelor's,Finance,0,Canada
671,38,Female,Bachelor's,Others,1,United States
672,41,Female,PhD,Finance,1,United Kingdom
673,45,Female,Bachelor's,Finance,0,United States
674,26,Female,PhD,Finance,1,India
675,55,Other,High School,Others,0,United States
676,27,Female,PhD,Technology,1,Germany
677,23,Female,PhD,Technology,1,United States
678,34,Other,Master's,Education,0,Germany
679,32,Male,Bachelor's,Education,1,Germany
680,44,Other,High School,Healthcare,1,Germany
681,37,Male,PhD,Retail,0,India
682,52,Other,High School,Technology,0,United States
683,32,Other,Master's,Education,1,United States
684,37,Female,Bachelor's,Technology,1,India
685,29,Male,PhD,Healthcare,1,United Kingdom
686,25,Female,Bachelor's,Healthcare,0,Canada
687,25,Male,Master's,Retail,1,United States
688,46,Other,Master's,Others,1,Canada
689,24,Other,High School,Healthcare,1,India
690,53,Male,PhD,Education,0,United Kingdom
691,24,Female,High School,Technology,0,United Kingdom
692,48,Female,Master's,Finance,0,United Kingdom
693,50,Female,Bachelor's,Retail,0,Unknown
694,53,Female,High School,Finance,1,Germany
695,40,Other,High School,Education,0,Germany
696,42,Other,Bachelor's,Retail,1,Canada
697,26,Other,High School,Finance,1,Germany
698,39,Other,Bachelor's,Education,1,Germany
699,49,Other,PhD,Technology,1,United Kingdom
700,43,Female,Bachelor's,Education,0,United Kingdom
701,42,Female,PhD,Others,0,Unknown
702,27,Female,Bachelor's,Healthcare,0,United States
703,22,Female,Master's,Technology,0,Canada
704,26,Other,Master's,Finance,0,Canada
705,33,Other,PhD,Retail,1,India
706,47,Other,PhD,Healthcare,0,India
707,55,Male,Master's,Education,0,Canada
708,35,Female,PhD,Healthcare,0,Canada
709,47,Female,Bachelor's,Retail,0,Canada
710,48,Other,Bachelor's,Retail,1,Germany
711,30,Female,Master's,Healthcare,1,India
712,47,Female,High School,Education,1,Canada
713,43,Other,Bachelor's,Healthcare,1,Unknown
714,51,Male,PhD,Retail,1,United Kingdom
715,38,Male,High School,Retail,0,Germany
716,47,Male,High School,Finance,1,Germany
717,57,Other,Bachelor's,Finance,1,United States
718,22,Female,Bachelor's,Technology,1,United States
719,29,Other,High School,Others,0,United States
720,56,Other,High School,Finance,0,Germany
721,36,Female,Master's,Healthcare,1,Germany
722,43,Male,PhD,Education,0,Germany
723,35,Male,Unkown,Healthcare,0,United Kingdom
724,47,Other,Bachelor's,Education,1,Germany
725,49,Male,Master's,Finance,0,United Kingdom
726,44,Other,Master's,Technology,0,United States
727,35,Other,Master's,Healthcare,0,United States
728,45,Female,Master's,Healthcare,1,United States
729,23,Female,PhD,Healthcare,1,Canada
730,47,Female,PhD,Education,1,Canada
731,35,Other,High School,Finance,0,India
732,28,Female,Bachelor's,Healthcare,1,India
733,24,Male,Master's,Healthcare,0,India
734,44,Male,High School,Technology,0,Canada
735,39,Other,High School,Technology,0,Canada
736,59,Other,High School,Finance,1,India
737,56,Female,PhD,Finance,1,India
738,36,Other,Master's,Others,1,Germany
739,46,Other,Master's,Technology,1,India
740,58,Male,Bachelor's,Retail,0,Germany
741,49,Male,Master's,Education,1,United Kingdom
742,31,Female,Unkown,Retail,0,Canada
743,38,Other,High School,Healthcare,1,India
744,43,Other,Bachelor's,Retail,1,Unknown
745,47,Male,Master's,Finance,1,Canada
746,46,Other,PhD,Education,0,Canada
747,38,Male,Master's,Healthcare,0,United Kingdom
748,34,Female,High School,Retail,0,United States
749,41,Male,PhD,Education,0,India
750,46,Other,High School,Education,0,United States
751,25,Female,Master's,Healthcare,1,United States
752,31,Male,PhD,Retail,0,United States
753,24,Male,Bachelor's,Education,0,Canada
754,39,Female,Bachelor's,Education,0,Germany
755,57,Female,PhD,Others,0,Canada
756,43,Male,PhD,Education,1,Canada
757,55,Other,High School,Others,0,United States
758,29,Male,PhD,Retail,1,Canada
759,40,Female,High School,Retail,1,United States
760,58,Male,Master's,Retail,1,Germany
761,27,Female,High School,Finance,0,India
762,47,Female,PhD,Retail,1,United States
763,55,Other,PhD,Others,0,Germany
764,27,Female,Master's,Healthcare,0,India
765,58,Female,PhD,Technology,0,United Kingdom
766,54,Other,PhD,Finance,0,United States
767,43,Female,Bachelor's,Retail,0,United States
768,42,Other,Bachelor's,Retail,1,United Kingdom
769,27,Other,Master's,Healthcare,1,United Kingdom
770,27,Female,High School,Healthcare,0,United States
771,25,Female,Bachelor's,Finance,1,United Kingdom
772,51,Male,High School,Technology,0,Canada
773,32,Other,PhD,Retail,1,India
774,51,Male,Bachelor's,Finance,1,India
775,52,Female,Unkown,Education,1,India
776,45,Male,Master's,Education,1,Unknown
777,30,Other,Master's,Finance,1,United Kingdom
778,24,Male,Bachelor's,Retail,0,Germany
779,52,Other,High School,Finance,0,United Kingdom
780,58,Female,PhD,Retail,1,United States
781,57,Female,High School,Others,0,India
782,45,Other,High School,Finance,1,United Kingdom
783,52,Female,PhD,Retail,0,Germany
784,27,Female,PhD,Finance,1,United States
785,23,Female,Bachelor's,Finance,1,Canada
786,41,Female,Bachelor's,Retail,1,Canada
787,49,Other,Bachelor's,Retail,0,Germany
788,32,Male,Bachelor's,Technology,0,United States
789,25,Male,Bachelor's,Finance,1,Unknown
790,36,Female,PhD,Education,1,United Kingdom
791,27,Male,High School,Finance,0,United States
792,51,Male,Bachelor's,Finance,0,Canada
793,59,Female,Bachelor's,Retail,0,Germany
794,23,Female,High School,Finance,0,Germany
795,36,Male,Bachelor's,Finance,0,United Kingdom
796,32,Other,High School,Education,1,Germany
797,29,Female,High School,Retail,0,Germany
798,47,Other,PhD,Finance,1,United States
799,26,Male,Master's,Healthcare,1,India
800,27,Female,PhD,Technology,0,United Kingdom
801,47,Other,Master's,Education,0,United States
802,25,Female,Unkown,Finance,1,India
803,40,Male,Master's,Healthcare,0,United States
804,41,Other,Bachelor's,Finance,1,United States
805,54,Male,PhD,Finance,0,Germany
806,41,Male,Master's,Retail,0,India
807,33,Female,High School,Others,0,United Kingdom
808,22,Other,Bachelor's,Retail,1,United Kingdom
809,47,Male,PhD,Healthcare,0,India
810,35,Male,Master's,Finance,1,Germany
811,59,Other,Unkown,Technology,0,Canada
812,58,Male,Unkown,Education,1,United States
813,32,Male,PhD,Retail,0,Germany
814,57,Other,Bachelor's,Retail,1,India
815,34,Other,PhD,Finance,1,United States
816,24,Other,Bachelor's,Finance,1,United Kingdom
817,54,Other,Master's,Healthcare,1,Canada
818,27,Female,Bachelor's,Healthcare,1,United Kingdom
819,31,Other,High School,Retail,1,India
820,26,Female,Bachelor's,Finance,0,United States
821,44,Female,High School,Technology,1,India
822,31,Female,Bachelor's,Others,1,Unknown
823,23,Male,PhD,Others,1,Germany
824,34,Female,Master's,Others,0,Canada
825,23,Female,High School,Healthcare,0,Germany
826,41,Male,Bachelor's,Education,0,Germany
827,22,Male,Bachelor's,Retail,1,India
828,58,Male,Bachelor's,Finance,0,Unknown
829,30,Other,PhD,Retail,0,United States
830,38,Male,PhD,Finance,1,United States
831,30,Male,High School,Retail,1,United Kingdom
832,32,Female,High School,Education,0,United States
833,36,Male,PhD,Healthcare,1,India
834,45,Other,High School,Others,1,Germany
835,59,Male,Master's,Technology,1,Unknown
836,56,Other,Master's,Healthcare,1,Unknown
837,51,Male,PhD,Education,0,Canada
838,52,Male,High School,Technology,1,United States
839,26,Male,Bachelor's,Finance,0,India
840,35,Male,Master's,Finance,0,Canada
841,32,Other,PhD,Retail,0,United Kingdom
842,30,Other,High School,Healthcare,0,India
843,55,Female,PhD,Finance,1,Unknown
844,33,Other,Bachelor's,Healthcare,1,India
845,56,Male,Master's,Finance,1,Unknown
846,56,Female,PhD,Retail,0,India
847,22,Female,PhD,Education,0,United States
848,43,Female,PhD,Retail,0,India
849,50,Male,Bachelor's,Technology,1,Germany
850,29,Other,PhD,Finance,0,India
851,32,Male,Bachelor's,Technology,1,United Kingdom
852,58,Female,Bachelor's,Technology,1,United Kingdom
853,35,Male,Bachelor's,Healthcare,1,Germany
854,51,Male,Master's,Finance,1,United States
855,56,Other,Master's,Technology,0,United States
856,42,Other,PhD,Education,1,Canada
857,58,Female,PhD,Technology,0,Germany
858,26,Male,Master's,Education,1,India
859,40,Male,High School,Healthcare,0,Germany
860,35,Other,Master's,Technology,0,Canada
861,47,Male,Bachelor's,Retail,1,Germany
862,25,Male,Master's,Healthcare,1,Germany
863,46,Male,Bachelor's,Education,1,Canada
864,46,Other,PhD,Healthcare,0,United States
865,39,Female,High School,Technology,1,India
866,29,Female,PhD,Finance,1,Canada
867,35,Male,Bachelor's,Finance,0,United Kingdom
868,53,Female,Bachelor's,Education,1,United States
869,59,Other,Unkown,Education,0,United Kingdom
870,54,Other,High School,Finance,1,United States
871,44,Female,Master's,Education,0,India
872,36,Female,PhD,Healthcare,0,Unknown
873,54,Male,PhD,Retail,1,Germany
874,46,Female,Master's,Retail,0,United Kingdom
875,38,Male,PhD,Healthcare,1,United States
876,54,Male,High School,Retail,1,India
877,23,Other,PhD,Technology,0,Canada
878,35,Other,Bachelor's,Others,1,India
879,27,Other,Master's,Education,0,Unknown
880,27,Other,High School,Healthcare,0,United States
881,24,Female,Master's,Finance,0,India
882,28,Other,High School,Education,0,India
883,29,Female,Bachelor's,Finance,0,United States
884,36,Other,Master's,Education,0,India
885,50,Female,PhD,Retail,0,Canada
886,54,Male,High School,Healthcare,0,India
887,51,Female,Master's,Technology,1,United Kingdom
888,48,Female,PhD,Education,1,Germany
889,57,Other,Master's,Education,0,Canada
890,50,Female,Master's,Finance,1,United Kingdom
891,59,Male,Master's,Retail,1,United States
892,54,Male,High School,Finance,1,Canada
893,58,Other,PhD,Finance,1,Germany
894,48,Male,Bachelor's,Retail,1,Germany
895,54,Female,High School,Technology,1,Unknown
896,25,Male,High School,Finance,0,United States
897,43,Other,High School,Finance,1,Canada
898,23,Female,Bachelor's,Education,1,India
899,31,Other,PhD,Retail,1,United States
900,26,Female,PhD,Others,1,India
901,31,Male,PhD,Technology,0,United Kingdom
902,54,Other,Master's,Technology,0,Germany
903,59,Other,Master's,Others,0,India
904,34,Female,Master's,Education,0,Germany
905,52,Other,Bachelor's,Education,1,India
906,57,Female,Master's,Retail,0,United Kingdom
907,45,Female,Bachelor's,Education,0,United States
908,36,Female,PhD,Technology,0,United Kingdom
909,50,Female,Master's,Technology,0,United States
910,29,Male,Master's,Healthcare,1,United States
911,26,Female,High School,Retail,0,Germany
912,50,Other,Bachelor's,Finance,1,United Kingdom
913,25,Male,PhD,Finance,0,India
914,33,Other,High School,Healthcare,1,United Kingdom
915,23,Male,Unkown,Healthcare,1,Germany
916,48,Female,PhD,Education,0,United States
917,52,Male,High School,Healthcare,0,Germany
918,57,Male,Bachelor's,Healthcare,0,Canada
919,57,Other,Bachelor's,Finance,0,Canada
920,47,Other,Master's,Education,1,India
921,48,Female,High School,Healthcare,1,Germany
922,26,Male,Master's,Healthcare,0,India
923,41,Male,Unkown,Education,0,India
924,32,Male,Bachelor's,Retail,1,Canada
925,31,Female,Bachelor's,Education,0,India
926,59,Female,Bachelor's,Finance,1,Canada
927,27,Female,High School,Retail,0,United States
928,29,Female,Bachelor's,Technology,1,Germany
929,44,Female,High School,Education,1,India
930,47,Other,Master's,Finance,1,Canada
931,33,Male,Unkown,Retail,1,United Kingdom
932,47,Male,Master's,Education,1,India
933,34,Male,High School,Healthcare,0,United States
934,39,Male,Master's,Education,1,United States
935,46,Male,Bachelor's,Technology,0,United Kingdom
936,54,Male,Master's,Education,1,Canada
937,33,Male,Bachelor's,Retail,1,India
938,57,Male,Bachelor's,Retail,0,Canada
939,25,Other,Master's,Education,0,United States
940,26,Male,High School,Retail,0,Unknown
941,58,Other,High School,Healthcare,0,United States
942,29,Female,PhD,Education,1,Canada
943,49,Male,High School,Healthcare,0,United Kingdom
944,52,Female,PhD,Healthcare,1,Germany
945,30,Female,High School,Finance,0,United Kingdom
946,50,Female,High School,Education,0,United Kingdom
947,35,Other,Bachelor's,Retail,1,Germany
948,43,Female,PhD,Healthcare,1,Germany
949,32,Female,High School,Finance,0,India
950,44,Female,PhD,Education,1,India
951,22,Male,Bachelor's,Education,1,United Kingdom
952,58,Male,Unkown,Technology,1,United Kingdom
953,42,Other,PhD,Technology,1,United States
954,47,Other,Bachelor's,Healthcare,1,United States
955,57,Male,Master's,Others,1,India
956,44,Other,Master's,Healthcare,1,India
957,22,Male,Bachelor's,Retail,1,Unknown
958,36,Female,Master's,Healthcare,0,United States
959,42,Female,High School,Technology,1,Canada
960,30,Other,PhD,Retail,0,Canada
961,30,Male,High School,Technology,1,United States
962,31,Male,PhD,Healthcare,1,Canada
963,47,Other,Bachelor's,Finance,1,Germany
964,56,Male,High School,Education,1,India
965,46,Female,Bachelor's,Technology,0,Unknown
966,47,Other,Bachelor's,Healthcare,0,United States
967,32,Other,PhD,Retail,1,United Kingdom
968,59,Male,PhD,Technology,0,United States
969,23,Other,PhD,Technology,1,Canada
970,28,Male,High School,Education,1,United Kingdom
971,39,Male,Master's,Healthcare,0,Canada
972,48,Male,PhD,Finance,0,Germany
973,55,Male,PhD,Retail,1,Canada
974,48,Male,High School,Healthcare,1,Germany
975,38,Other,PhD,Retail,0,Germany
976,45,Female,Unkown,Technology,1,Canada
977,46,Female,Bachelor's,Education,0,Canada
978,28,Other,PhD,Education,1,Germany
979,27,Other,PhD,Finance,1,United Kingdom
980,45,Female,Bachelor's,Others,0,Germany
981,54,Female,Bachelor's,Technology,0,India
982,50,Female,Bachelor's,Finance,0,Germany
983,43,Female,PhD,Healthcare,1,United Kingdom
984,47,Female,Master's,Education,1,India
985,49,Male,Master's,Finance,1,United States
986,42,Other,Master's,Technology,1,United States
987,28,Male,PhD,Retail,0,United Kingdom
988,38,Female,Bachelor's,Retail,1,Germany
989,41,Female,PhD,Technology,1,Canada
990,41,Female,Bachelor's,Technology,1,United Kingdom
991,43,Male,PhD,Others,0,India
992,49,Male,PhD,Finance,1,India
993,28,Female,Bachelor's,Others,1,Unknown
994,22,Male,Master's,Technology,0,India
995,53,Male,Bachelor's,Education,1,United Kingdom
996,34,Female,High School,Healthcare,1,India
997,51,Male,High School,Education,0,United Kingdom
998,44,Other,Bachelor's,Education,1,Canada
999,40,Other,PhD,Technology,1,United States
1000,53,Other,High School,Retail,,India
1001,46,Male,Bachelor's,Finance,0,India
1002,38,Female,Bachelor's,Technology,1,India
1003,31,Other,Bachelor's,Finance,0,Canada
1004,36,Female,High School,Finance,0,India
1005,31,Male,PhD,Technology,0,United Kingdom
1006,35,Male,PhD,Finance,0,United States
1007,56,Female,PhD,Technology,1,Canada
1008,45,Male,Master's,Education,1,Unknown
1009,25,Female,Bachelor's,Healthcare,0,Canada
1010,31,Male,PhD,Retail,0,United States
1011,29,Other,High School,Healthcare,0,Canada
1012,54,Other,PhD,Education,0,Unknown
1013,33,Other,PhD,Retail,1,India
1014,46,Other,Bachelor's,Retail,1,United Kingdom
1015,33,Male,PhD,Retail,1,United States
1016,45,Female,PhD,Finance,1,Germany
1017,48,Female,High School,Healthcare,1,Germany
1018,58,Other,Bachelor's,Healthcare,0,Canada
1019,29,Other,High School,Others,0,United States
1020,54,Other,Master's,Healthcare,1,Canada
1021,35,Male,Bachelor's,Finance,0,United Kingdom
1022,25,Female,High School,Technology,0,United States
1023,53,Other,Bachelor's,Finance,0,United States
1024,30,Other,PhD,Retail,0,United States
1025,51,Other,Bachelor's,Finance,1,Germany
1026,30,Male,Master's,Education,0,Germany
1027,53,Other,Master's,Technology,0,United States
1028,48,Female,Bachelor's,Retail,0,Unknown
1029,30,Other,Master's,Finance,1,United Kingdom
1030,54,Female,High School,Healthcare,1,Germany
1031,48,Female,PhD,Retail,1,United States
1032,39,Other,High School,Education,0,Canada
1033,48,Female,Master's,Education,1,United Kingdom
1034,23,Female,Unkown,Healthcare,0,United Kingdom
1035,46,Male,Master's,Healthcare,0,United States
1036,42,Female,High School,Technology,1,Canada
1037,56,Male,Bachelor's,Technology,1,India
1038,58,Female,PhD,Retail,0,United States
1039,55,Female,High School,Finance,1,United Kingdom
1040,50,Male,PhD,Retail,1,Canada
1041,56,Other,Master's,Retail,1,United States
1042,32,Other,PhD,Retail,0,United Kingdom
1043,44,Female,PhD,Education,1,India
1044,39,Female,High School,Technology,1,India
1045,35,Male,PhD,Education,1,United States
1046,22,Female,Master's,Education,1,Germany
1047,33,Other,High School,Finance,0,United States
1048,43,Female,PhD,Retail,0,India
1049,52,Male,PhD,Finance,0,United States
1050,41,Other,Unkown,Education,0,United Kingdom
1051,44,Male,High School,Technology,0,Canada
1052,47,Male,High School,Retail,1,United States
1053,34,Female,PhD,Healthcare,0,Germany
1054,41,Other,High School,Technology,1,Canada
1055,57,Female,Master's,Retail,0,United Kingdom
1056,32,Male,Bachelor's,Healthcare,1,United States
1057,45,Female,PhD,Finance,1,Germany
1058,41,Male,PhD,Education,1,India
1059,43,Female,PhD,Education,1,India
1060,35,Female,Master's,Retail,0,Canada
1061,31,Female,Bachelor's,Education,0,India
1062,56,Male,High School,Healthcare,1,India
1063,45,Female,Bachelor's,Retail,0,United Kingdom
1064,58,Other,Bachelor's,Education,1,United States
1065,27,Male,High School,Finance,0,United States
1066,30,Other,Master's,Finance,0,United Kingdom
1067,41,Male,PhD,Education,1,India
1068,46,Other,Master's,Education,1,United Kingdom
1069,35,Male,Unkown,Healthcare,0,United Kingdom
1070,53,Female,Bachelor's,Finance,0,United States
1071,58,Other,Bachelor's,Healthcare,0,Canada
1072,56,Female,Bachelor's,Education,1,United States
1073,58,Female,Bachelor's,Technology,1,United Kingdom
1074,26,Other,High School,Retail,1,Germany
1075,44,Female,PhD,Education,1,India
1076,23,Other,Master's,Technology,0,United States
1077,47,Other,High School,Education,0,United States
1078,53,Other,Master's,Healthcare,1,Canada
1079,45,Female,Bachelor's,Others,0,Germany
1080,33,Other,PhD,Healthcare,1,United Kingdom
1081,53,Male,Master's,Finance,0,Unknown
1082,49,Female,PhD,Education,0,Germany
1083,51,Female,Master's,Education,0,Canada
1084,51,Other,PhD,Education,0,Unknown
1085,42,Female,PhD,Others,0,Unknown
1086,25,Other,Bachelor's,Technology,1,Germany
1087,22,Male,PhD,Healthcare,0,Germany
1088,24,Female,High School,Technology,0,United Kingdom
1089,24,Female,High School,Education,1,United Kingdom
1090,39,Female,High School,Technology,1,India
1091,33,Other,Bachelor's,Healthcare,1,India
1092,37,Female,Master's,Retail,1,United States
1093,49,Male,PhD,Technology,0,United States
1094,57,Other,Bachelor's,Others,1,United States
1095,34,Female,PhD,Healthcare,0,Germany
1096,47,Male,High School,Finance,1,Germany
1097,30,Other,Master's,Finance,1,United Kingdom
1098,28,Male,PhD,Retail,0,India
1099,26,Other,High School,Retail,0,Canada
1100,25,Female,Unkown,Finance,1,India
1101,22,Male,Bachelor's,Retail,1,United States
1102,26,Other,High School,Retail,1,Germany
1103,55,Other,Bachelor's,Healthcare,0,United Kingdom
1104,50,Other,High School,Finance,0,United Kingdom
1105,33,Male,PhD,Retail,0,United States
1106,46,Female,PhD,Retail,1,Germany
1107,43,Female,Bachelor's,Education,0,United Kingdom
1108,32,Male,High School,Finance,0,India
1109,35,Male,Bachelor's,Others,0,Canada
1110,47,Other,High School,Education,0,Canada
1111,24,Female,High School,Education,1,United Kingdom
1112,24,Female,Master's,Finance,0,India
1113,27,Female,Master's,Healthcare,0,India
1114,22,Male,Bachelor's,Retail,1,India
1115,38,Female,High School,Education,0,Canada
1116,29,Other,High School,Healthcare,0,Canada
1117,26,Female,PhD,Finance,1,Canada
1118,27,Female,PhD,Technology,0,United Kingdom
1119,59,Other,PhD,Technology,0,Canada
1120,41,Other,Bachelor's,Finance,1,United States
1121,40,Other,High School,Finance,0,United Kingdom
1122,24,Female,Master's,Finance,0,India
1123,58,Male,Bachelor's,Education,1,United States
1124,41,Other,Bachelor's,Finance,1,United States
1125,48,Female,High School,Healthcare,1,Germany
1126,27,Other,High School,Healthcare,0,United States
1127,44,Other,Master's,Healthcare,1,India
1128,59,Other,Bachelor's,Technology,1,United States
1129,22,Male,Master's,Technology,0,India
1130,57,Other,Master's,Education,0,Canada
1131,33,Male,Master's,Education,0,United States
1132,37,Female,Bachelor's,Technology,1,United States
1133,34,Female,Master's,Education,0,Germany
1134,44,Male,High School,Technology,0,Canada
1135,56,Female,Bachelor's,Healthcare,0,India
1136,22,Male,Bachelor's,Retail,1,United States
1137,34,Other,PhD,Finance,1,Canada
1138,24,Male,Bachelor's,Education,1,Germany
1139,58,Male,Bachelor's,Retail,1,India
1140,41,Other,High School,Technology,1,Canada
1141,57,Other,Master's,Education,0,Canada
1142,28,Female,Bachelor's,Healthcare,1,India
1143,32,Other,High School,Finance,1,Canada
1144,34,Other,PhD,Technology,0,United States
1145,39,Male,High School,Education,0,United States
1146,42,Other,Bachelor's,Retail,1,Canada
1147,51,Male,High School,Finance,1,India
1148,49,Other,High School,Healthcare,0,Germany
1149,33,Male,Bachelor's,Retail,1,India
1150,42,Male,High School,Others,1,United States
1151,33,Female,Bachelor's,Finance,0,India
1152,41,Female,High School,Retail,0,Canada
1153,56,Other,Master's,Technology,0,United States
1154,37,Male,PhD,Retail,0,India
1155,27,Male,High School,Finance,0,United States
1156,49,Other,Master's,Retail,1,Germany
1157,49,Male,High School,Healthcare,0,United Kingdom
1158,32,Male,High School,Finance,1,India
1159,28,Male,High School,Retail,0,India
1160,31,Other,Master's,Technology,0,Canada
1161,53,Female,Master's,Technology,0,Germany
1162,33,Male,PhD,Retail,1,United States
1163,49,Male,High School,Education,1,India
1164,25,Male,PhD,Finance,0,India
1165,47,Other,High School,Education,0,Canada
1166,54,Male,Master's,Education,1,Canada
1167,22,Female,High School,Technology,0,United Kingdom
1168,50,Male,Unkown,Education,0,India
1169,48,Other,High School,Finance,1,United Kingdom
1170,36,Female,Master's,Technology,1,Germany
1171,45,Male,Master's,Retail,0,Germany
1172,44,Other,High School,Education,1,Germany
1173,40,Male,PhD,Healthcare,1,Canada
1174,50,Male,PhD,Healthcare,1,United Kingdom
1175,55,Other,Master's,Education,0,United States
1176,47,Female,Bachelor's,Retail,0,Canada
1177,53,Male,PhD,Education,0,United Kingdom
1178,22,Female,Bachelor's,Technology,1,United States
1179,59,Other,Unkown,Education,0,United Kingdom
1180,32,Other,High School,Education,1,Germany
1181,37,Other,PhD,Finance,1,Germany
1182,43,Female,PhD,Healthcare,1,Germany
1183,23,Female,Master's,Retail,0,Canada
1184,56,Male,High School,Healthcare,1,India
1185,49,Female,High School,Healthcare,1,Germany
1186,36,Male,Bachelor's,Retail,1,United Kingdom
1187,56,Other,Bachelor's,Healthcare,0,United States
1188,39,Other,Master's,Retail,1,Unknown
1189,44,Male,Master's,Finance,0,India
1190,53,Female,High School,Healthcare,1,United States
1191,40,Other,High School,Education,1,India
1192,49,Female,Master's,Finance,0,Canada
1193,51,Male,PhD,Retail,1,United Kingdom
1194,45,Other,High School,Finance,1,United Kingdom
1195,53,Female,Bachelor's,Education,1,United States
1196,49,Male,PhD,Education,1,India
1197,57,Other,Bachelor's,Finance,1,United States
1198,39,Female,High School,Technology,1,India
1199,24,Female,Master's,Finance,0,India
1200,50,Female,Bachelor's,Finance,0,Germany
1201,45,Male,High School,Education,0,Germany
1202,52,Male,Master's,Technology,1,United States
1203,56,Other,High School,Finance,0,Germany
1204,40,Other,PhD,Finance,1,United States
1205,25,Female,Unkown,Finance,1,India
1206,47,Other,Master's,Education,1,India
1207,54,Female,High School,Technology,1,Unknown
1208,42,Male,Bachelor's,Healthcare,1,India
1209,37,Other,Bachelor's,Retail,0,Germany
1210,25,Other,High School,Retail,0,Germany
1211,54,Other,PhD,Technology,1,United Kingdom
1212,57,Male,Bachelor's,Retail,0,Canada
1213,25,Female,PhD,Healthcare,1,Germany
1214,27,Other,High School,Healthcare,0,United States
1215,26,Male,Master's,Healthcare,1,India
1216,58,Male,Unkown,Education,1,United States
1217,41,Male,PhD,Education,1,India
1218,38,Female,High School,Education,0,Canada
1219,37,Male,Master's,Finance,1,Unknown
1220,28,Other,PhD,Others,0,United Kingdom
1221,25,Female,PhD,Healthcare,1,Germany
1222,39,Female,Bachelor's,Healthcare,1,Germany
1223,51,Male,PhD,Retail,1,United Kingdom
1224,40,Male,Master's,Technology,0,Unknown
1225,47,Male,PhD,Healthcare,0,India
1226,37,Male,Master's,Finance,1,India
1227,29,Male,PhD,Education,1,Canada
1228,56,Male,High School,Healthcare,1,India
1229,35,Male,Master's,Finance,1,Germany
1230,34,Female,Master's,Others,0,Canada
1231,34,Other,PhD,Finance,1,Canada
1232,43,Male,PhD,Others,0,India
1233,44,Other,High School,Education,1,Germany
1234,35,Other,PhD,Healthcare,1,United States
1235,45,Female,Master's,Technology,1,United Kingdom
1236,27,Other,High School,Finance,0,India
1237,31,Other,PhD,Retail,1,United States
1238,47,Other,Master's,Finance,1,Canada
1239,26,Female,Master's,Finance,1,United Kingdom
1240,56,Female,Bachelor's,Healthcare,0,United States
1241,38,Female,PhD,Finance,1,United Kingdom
1242,54,Other,Master's,Technology,0,Germany
1243,46,Other,Master's,Education,1,United States
1244,36,Male,Bachelor's,Retail,1,United Kingdom
1245,49,Male,High School,Education,1,India
1246,54,Female,Master's,Finance,1,United Kingdom
1247,42,Female,High School,Education,1,United Kingdom
1248,50,Male,Bachelor's,Retail,0,Germany
1249,29,Other,PhD,Finance,0,India
1250,49,Male,Bachelor's,Retail,0,United Kingdom
1251,46,Other,PhD,Healthcare,0,United States
1252,35,Other,High School,Finance,0,India
1253,39,Female,Bachelor's,Healthcare,1,Germany
1254,44,Other,Bachelor's,Technology,1,India
1255,46,Female,Bachelor's,Education,0,Canada
1256,58,Other,PhD,Finance,1,Germany
1257,52,Male,Bachelor's,Education,0,United Kingdom
1258,53,Female,Bachelor's,Finance,0,United States
1259,28,Other,PhD,Education,1,Germany
1260,40,Other,Bachelor's,Education,1,Canada
1261,36,Female,PhD,Healthcare,0,Unknown
1262,46,Male,Bachelor's,Technology,0,United Kingdom
1263,23,Female,High School,Healthcare,1,Unknown
1264,58,Other,Bachelor's,Education,1,United States
1265,40,Other,Bachelor's,Education,1,Canada
1266,28,Female,Master's,Healthcare,0,Canada
1267,25,Male,High School,Finance,0,United States
1268,55,Other,Bachelor's,Healthcare,0,United Kingdom
1269,58,Other,Bachelor's,Education,1,United States
1270,45,Other,Bachelor's,Others,0,Germany
1271,41,Female,PhD,Technology,1,Canada
1272,54,Male,High School,Education,0,Canada
1273,56,Male,High School,Education,1,Unknown
1274,26,Female,High School,Retail,0,Germany
1275,55,Other,Bachelor's,Finance,1,India
1276,47,Male,PhD,Healthcare,0,India
1277,52,Female,Bachelor's,Education,1,India
1278,29,Female,Master's,Education,1,India
1279,30,Male,PhD,Technology,0,Unknown
1280,49,Male,PhD,Technology,1,United Kingdom
1281,44,Other,Master's,Healthcare,1,India
1282,30,Other,Bachelor's,Retail,0,Unknown
1283,58,Female,PhD,Technology,0,United Kingdom
1284,22,Female,High School,Retail,1,United Kingdom
1285,51,Male,High School,Education,0,United Kingdom
1286,52,Other,Bachelor's,Education,1,India
1287,37,Other,Master's,Retail,1,Germany
1288,41,Female,Bachelor's,Retail,1,Canada
1289,27,Female,High School,Healthcare,1,India
1290,51,Female,Bachelor's,Retail,0,Germany
1291,24,Male,Bachelor's,Retail,0,Germany
1292,41,Other,High School,Technology,0,India
1293,48,Other,Master's,Finance,0,United States
1294,48,Other,High School,Technology,0,United Kingdom
1295,29,Male,PhD,Education,1,Canada
1296,47,Other,Bachelor's,Finance,1,Germany
1297,41,Male,PhD,Education,1,India
1298,40,Other,High School,Education,0,Germany
1299,53,Female,Master's,Technology,0,Germany
1300,58,Male,Master's,Healthcare,0,India
1301,36,Male,Unkown,Healthcare,1,Canada
1302,35,Other,Bachelor's,Retail,0,United States
1303,29,Male,PhD,Education,1,United Kingdom
1304,28,Male,High School,Education,1,United Kingdom
1305,39,Female,Bachelor's,Healthcare,1,Germany
1306,58,Female,PhD,Retail,1,Canada
1307,25,Male,PhD,Healthcare,0,Canada
1308,29,Female,PhD,Finance,1,Canada
1309,31,Female,Bachelor's,Education,0,United Kingdom
1310,57,Other,High School,Retail,1,Unknown
1311,54,Other,Bachelor's,Technology,0,United States
1312,56,Male,Bachelor's,Technology,1,India
1313,54,Female,Bachelor's,Finance,0,India
1314,22,Male,Master's,Technology,0,India
1315,47,Other,High School,Healthcare,1,Canada
1316,41,Male,Bachelor's,Retail,1,United Kingdom
1317,57,Female,High School,Finance,1,India
1318,30,Male,PhD,Technology,0,Unknown
1319,51,Male,High School,Finance,0,Canada
1320,33,Male,Bachelor's,Healthcare,1,Germany
1321,42,Other,PhD,Education,1,Canada
1322,41,Other,Unkown,Education,0,United Kingdom
1323,48,Other,Master's,Technology,1,United Kingdom
1324,47,Male,Bachelor's,Retail,1,Germany
1325,45,Female,Bachelor's,Retail,0,United Kingdom
1326,35,Male,Bachelor's,Finance,0,Canada
1327,54,Male,High School,Finance,0,United States
1328,36,Female,PhD,Technology,0,United Kingdom
1329,47,Male,Bachelor's,Retail,1,Germany
1330,51,Other,Unkown,Technology,0,Germany
1331,30,Female,Master's,Retail,1,Germany
1332,24,Female,Unkown,Healthcare,1,Germany
1333,52,Female,High School,Retail,1,United States
1334,37,Male,Master's,Healthcare,0,Canada
1335,48,Female,PhD,Retail,1,United States
1336,26,Other,Bachelor's,Technology,1,United States
1337,23,Other,Master's,Technology,0,United States
1338,57,Female,Master's,Retail,0,United Kingdom
1339,56,Female,Bachelor's,Healthcare,0,India
1340,27,Other,Master's,Healthcare,1,United Kingdom
1341,54,Female,PhD,Retail,0,Germany
1342,44,Other,Bachelor's,Technology,1,India
1343,53,Female,Master's,Healthcare,1,Germany
1344,31,Male,High School,Healthcare,1,Canada
1345,27,Female,High School,Retail,0,United States
1346,39,Male,Master's,Education,1,United States
1347,44,Other,High School,Education,1,Germany
1348,48,Male,Bachelor's,Retail,1,Germany
1349,44,Other,Master's,Healthcare,1,India
1350,45,Other,High School,Others,1,Germany
1351,43,Female,Unkown,Others,1,United Kingdom
1352,54,Male,Master's,Education,1,Canada
1353,36,Male,Unkown,Healthcare,1,Canada
1354,24,Male,Bachelor's,Retail,1,India
1355,37,Male,Master's,Healthcare,0,Canada
1356,23,Female,Unkown,Healthcare,0,United Kingdom
1357,36,Male,Bachelor's,Finance,0,United Kingdom
1358,43,Other,High School,Technology,0,United States
1359,35,Other,High School,Finance,0,India
1360,49,Male,High School,Technology,1,Germany
1361,51,Male,PhD,Education,0,Canada
1362,42,Other,PhD,Education,1,Canada
1363,37,Female,Master's,Retail,1,United States
1364,39,Male,PhD,Retail,0,Canada
1365,54,Female,Bachelor's,Finance,0,India
1366,31,Female,Bachelor's,Education,0,India
1367,32,Male,Bachelor's,Technology,1,United Kingdom
1368,32,Female,High School,Education,0,United States
1369,40,Male,PhD,Others,0,United Kingdom
1370,49,Female,High School,Technology,0,Canada
1371,55,Female,PhD,Finance,1,Unknown
1372,40,Female,Unkown,Retail,0,Germany
1373,47,Other,Bachelor's,Finance,1,Germany
1374,44,Other,PhD,Finance,0,India
1375,27,Other,Master's,Healthcare,1,United Kingdom
1376,37,Female,Master's,Retail,1,United States
1377,27,Male,PhD,Technology,1,Germany
1378,22,Male,PhD,Finance,0,United Kingdom
1379,43,Male,High School,Technology,0,United Kingdom
1380,54,Other,PhD,Technology,1,United Kingdom
1381,34,Male,High School,Healthcare,0,United States
1382,56,Female,PhD,Retail,0,India
1383,46,Male,Master's,Education,1,Unknown
1384,52,Male,High School,Technology,1,United States
1385,47,Male,Bachelor's,Education,0,United States
1386,26,Male,Master's,Healthcare,1,India
1387,59,Female,PhD,Finance,1,United States
1388,36,Female,Master's,Healthcare,1,Germany
1389,45,Male,PhD,Technology,1,United States
1390,22,Male,Bachelor's,Education,1,United Kingdom
1391,59,Other,High School,Finance,1,India
1392,23,Female,Master's,Retail,0,Germany
1393,29,Female,Bachelor's,Finance,0,United States
1394,51,Female,PhD,Education,0,India
1395,38,Male,Master's,Healthcare,1,United States
1396,53,Other,Bachelor's,Finance,1,Canada
1397,34,Male,Master's,Technology,0,Germany
1398,53,Female,Master's,Technology,0,Germany
1399,46,Female,Master's,Retail,0,United Kingdom
1400,58,Other,Bachelor's,Healthcare,1,Germany
1401,58,Male,High School,Education,0,Germany
1402,46,Other,Bachelor's,Technology,0,United States
1403,41,Other,PhD,Retail,1,United States
1404,53,Female,Bachelor's,Finance,0,United States
1405,51,Female,PhD,Technology,1,Canada
1406,49,Female,Master's,Others,1,United Kingdom
1407,41,Other,PhD,Retail,1,United States
1408,44,Female,Master's,Healthcare,0,Canada
1409,39,Other,High School,Education,0,Canada
1410,50,Other,PhD,Education,1,United Kingdom
1411,45,Female,Bachelor's,Retail,0,United Kingdom
1412,24,Other,Bachelor's,Finance,1,United Kingdom
1413,45,Female,Bachelor's,Retail,0,United Kingdom
1414,56,Female,High School,Education,1,India
1415,41,Male,PhD,Education,1,India
1416,50,Male,PhD,Retail,1,Canada
1417,50,Other,Bachelor's,Finance,1,United Kingdom
1418,57,Other,High School,Technology,1,India
1419,53,Male,High School,Technology,1,Germany
1420,47,Female,High School,Education,1,Canada
1421,24,Male,Bachelor's,Technology,1,United Kingdom
1422,52,Other,Bachelor's,Education,1,India
1423,59,Other,High School,Retail,0,Germany
1424,59,Female,PhD,Finance,1,Germany
1425,33,Other,High School,Finance,0,United States
1426,47,Female,High School,Retail,1,India
1427,28,Other,PhD,Education,1,Germany
1428,32,Male,High School,Finance,0,India
1429,42,Male,PhD,Healthcare,1,United Kingdom
1430,58,Female,PhD,Finance,1,India
1431,51,Female,Bachelor's,Retail,0,Germany
1432,50,Male,Unkown,Education,0,India
1433,43,Female,Bachelor's,Education,1,India
1434,27,Female,PhD,Retail,1,Germany
1435,56,Other,Master's,Retail,1,United States
1436,39,Female,Bachelor's,Education,0,Germany
1437,52,Other,Bachelor's,Education,1,India
1438,52,Other,Master's,Education,1,Canada
1439,46,Female,PhD,Healthcare,0,United States
1440,40,Other,PhD,Finance,1,United States
1441,46,Other,Master's,Education,1,United States
1442,57,Female,PhD,Others,0,Canada
1443,45,Female,Bachelor's,Education,0,United States
1444,27,Other,High School,Finance,0,India
1445,57,Female,High School,Others,0,India
1446,34,Male,High School,Healthcare,0,United States
1447,41,Female,PhD,Technology,1,Canada
1448,51,Female,Master's,Education,0,Canada
1449,22,Male,Bachelor's,Education,1,United Kingdom
1450,50,Male,Bachelor's,Technology,1,Germany
1451,45,Male,High School,Education,0,Germany
1452,25,Male,PhD,Healthcare,0,Canada
1453,44,Other,Master's,Technology,0,United States
1454,26,Male,Master's,Education,1,India
1455,53,Female,Master's,Technology,0,Germany
1456,53,Female,Master's,Technology,0,Germany
1457,32,Other,PhD,Retail,1,India
1458,54,Female,Bachelor's,Technology,0,India
1459,48,Other,Master's,Technology,1,United Kingdom
1460,38,Female,Bachelor's,Retail,1,Germany
1461,44,Other,Bachelor's,Education,1,Canada
1462,41,Female,PhD,Technology,1,Canada
1463,42,Female,High School,Education,1,United Kingdom
1464,55,Other,PhD,Others,0,Germany
1465,37,Female,Master's,Retail,1,United States
1466,55,Male,High School,Retail,0,United Kingdom
1467,54,Male,PhD,Retail,0,United States
1468,31,Other,High School,Education,0,Germany
1469,27,Other,High School,Finance,0,Germany
1470,23,Female,High School,Finance,0,India
1471,57,Other,PhD,Finance,0,United Kingdom
1472,30,Other,Unkown,Technology,1,Germany
1473,47,Female,Bachelor's,Healthcare,1,Germany
1474,55,Female,PhD,Finance,1,Unknown
1475,53,Other,High School,Technology,0,United Kingdom
1476,27,Female,PhD,Retail,1,Germany
1477,56,Female,High School,Healthcare,0,United Kingdom
1478,42,Other,Bachelor's,Retail,1,United Kingdom
1479,45,Male,PhD,Retail,0,India
1480,35,Male,Bachelor's,Finance,0,Canada
1481,30,Other,PhD,Retail,0,United States
1482,56,Male,High School,Healthcare,1,United Kingdom
1483,39,Other,Bachelor's,Education,1,Germany
1484,59,Male,Master's,Technology,1,Unknown
1485,59,Other,High School,Finance,1,India
1486,57,Other,High School,Retail,0,Germany
1487,22,Male,Bachelor's,Retail,1,United States
1488,28,Male,PhD,Retail,0,United Kingdom
1489,44,Other,Bachelor's,Technology,1,India
1490,54,Male,High School,Finance,0,United States
1491,26,Other,Bachelor's,Healthcare,1,United States
1492,35,Other,Master's,Healthcare,0,United States
1493,56,Other,Bachelor's,Healthcare,0,United States
1494,35,Male,Unkown,Healthcare,0,United Kingdom
1495,22,Other,Bachelor's,Retail,1,United Kingdom
1496,32,Female,High School,Retail,1,India
1497,46,Female,Master's,Finance,0,United States
1498,41,Female,PhD,Technology,1,Canada
1499,49,Female,High School,Technology,0,Canada
1500,48,Female,PhD,Education,0,India
